text,author,date,like
"Justine should host the apple events, sheâ€™d be great",Luke Pasqualotto,11 ay Ã¶nce,"1,1 B"
More excited for Justineâ€™s coverage than I was for the event,Ariel Brown,11 ay Ã¶nce,438
I appreciate your optimism. I wasnâ€™t that excited but the iPad mini was the highlight for sure and something I would get.,chipotleman,11 ay Ã¶nce,245
Didn't see the event. That was a great overview. Nothing overly exciting that would trigger a needed upgrade...but some nice products to consider if your devices are a few generations old.,ThatGuyJunJun,11 ay Ã¶nce,130
"You've been such a good ambassador to the Apple brand, I think it's awesome that Tim Cook did an interview with you.  You should be on their payroll.",ZCT808,11 ay Ã¶nce,18
"I hope they keep changing up how they make these events. Try one with a story where the uses of the devices work in concert. They did this some with the apple house which was fun to watch, it also made me want a house designed like that.",Mark O'Connell,11 ay Ã¶nce (dÃ¼zenlendi),21
"justine thank youu for updating us on everything each year and congrats on everything, we love youu queen",M,11 ay Ã¶nce,26
"I'm really liking that iPad mini. Ohh... that's why Tim talked about fall detection when you asked him about bike riding. It's cause the video showed a bike rider falling down. I was like, ""huh? I ride a bike and I don't fall down. Does he think we fall down a lot? BMX yeah, but I don't do that."" Very good follow up video!",Sunfrog,11 ay Ã¶nce,95
The only thing Iâ€™m interested in is the iPad mini and it got stereo speakers in landscape mode . FINALLY!!! They got smart after sooo long because everyone uses landscape mode!!,Common Item,11 ay Ã¶nce,19
"Every time I watch a iJustine video, I just feel calm, I really donâ€™t know why! Keep up the content Justine!",Snezbo,11 ay Ã¶nce,30
"While I appreciate the notable upgrades this year, the 120hz refresh rates, smaller notch and camera upgrades, Iâ€™m sorely disappointed with the absence of always on display functionality. Iâ€™ve accepted the reality that Touch ID isnâ€™t coming this year based on leaks and rumors but the least they could do is implement the always on display mode. Iâ€™m always leaning towards bigger screen phones and whether Iâ€™m getting this yearâ€™s iteration, Pro Max will always be my top choice and I was 100% sure that Iâ€™m grabbing it until Iâ€™ve watched live Apple event streaming. Felt it was underwhelming. I expected a lil bit more and Iâ€™m now confused whether Iâ€™ll scoop the 13 Pro Max or just wait for another year. I got let down once again.",Robert Louise Baker-Hyde,11 ay Ã¶nce,51
"Thank you for the Apple update as I havenâ€™t had time to watch the event. Canâ€™t wait to order my iPhone 13 Pro  Please invite Ro to one of the friend workouts! I know sheâ€™s not a Tech YouTuber but she would be a great addition to the video because, letâ€™s face it, sheâ€™s adorable ",Stephanie Borg,11 ay Ã¶nce,1
You explained Apple's event clearer and better than anyone on Youtube! Great job Justine!,Amel Mariano,11 ay Ã¶nce,4
I'm soo excited about these new iphones and iPads! I wanna get a couple of these.,Ning745,11 ay Ã¶nce,11
"I'm anticipating November for the Series 7. I'd expect it to be similar to Fitness+'s rollout, it was quite late into fall.",superfragilisticatexpialidoshmur,11 ay Ã¶nce,0
the fact that iâ€™ve been watching her for years is crazy to me. literally my favorite tech YouTuber,Bryâ€™Antanae,11 ay Ã¶nce,0
love what u so to keep me updated on technology!!!! lovee your tech videos justine ï¸,Emily Loh,11 ay Ã¶nce,0
Hey Justin. I'm a big fan of your videos. I'm soo glad that I found your channel. Thank you so much for making videos like this. It's really helpful and informative.,Meghana Krishna,11 ay Ã¶nce,1
Thank you for keeping us up to date Justine on all the latest things happening in tech.,Randy Ragsdale,11 ay Ã¶nce,0
You did a great job with the interview with Tim Cook,Edward Sanchez Productions,11 ay Ã¶nce,0
"I have been thinking why I love your videos a lot, and I realized that it is because your videos always celebrates tech without all the negative stuff, dissatisfaction, etc. I love you Justine!",Carlo Santos,11 ay Ã¶nce,1
"Please someone tell apple to add splitview on ipads when they are kept vertical, like one app on top of another. It will be really good to take notes watching lecture on upper half and taking notes on lower half. Currently it only works in which apps are side by side (both vertical even rotated), which is not efficient.",Amit Kumar,11 ay Ã¶nce,10
"Justine needs to be up there on the stage with Tim. Seriously, Apple, make it happen!",ThreeTwentyTech,11 ay Ã¶nce,4
Iâ€™m so happy they finally updated the iPad mini!  FYIâ€¦there is an iPod case that has a pocket for an air tag (on Amazon),Coleen Pontello,11 ay Ã¶nce,2
"Oh, I love Justine so much! I was so excited to see her interview with Team Cook. ï¸",ND3,11 ay Ã¶nce,2
"Hello from Toronto ğŸ‡¨ğŸ‡¦ Justine!! Absolutely loved this video, as someone who opted for the iPhone 12 mini last year (and unfortunately regretted it due to the pandemic and really really missing that extra real estate & that battery made me want to ï¸ ) .. So.. I am SO pumped to go back the Pro Max 13!! I feel as though I will definitely appreciate it a lot more after being â€œshrunkâ€ for so long â€¦.See you at check-out babe ",Jay Rube,11 ay Ã¶nce,0
I did feel underwhelmed after watching this yearâ€™s September Apple event ,Mark B,11 ay Ã¶nce,15
"Nice they have a full keyboard I loved that on my gear s, who also had the sise of course, Apple is a bit late with these things witch is quite funny if they add a camera and a uv sun scanner on day they evolved everything back from were it started when it getted bigger. Nice addition the keyboard if you doing a drink in the sun, it's a real handy thing to be able to send short things",JUR O,11 ay Ã¶nce (dÃ¼zenlendi),1
Apple season is my favorite season thanks to you ï¸,JuantasticStar,11 ay Ã¶nce,0
I think il hold onto the 11 and wait for the 14 which is meant to be a huge upgrade,Tdr94 19,11 ay Ã¶nce,0
Amazing products!  I love to have the iPhone 13 pro,Barbara Bvlogs,11 ay Ã¶nce,0
"Don't care about the phones, but I need that iPad mini. Can't wait for the reviews.",5813,11 ay Ã¶nce,0
"I cant wait for the iPhone 13, Im going to try and pre-order tomorrow.",Sean T,11 ay Ã¶nce,0
"The Queen of Tech, IJustine, blessed us with another video today. Awesome!! I love this channel!!",Randy Ragsdale,11 ay Ã¶nce,0
Very excited to preorder (and get) the Pink iPhone 13  would also love the purple iPad mini but my bank account said no ,Cee,11 ay Ã¶nce,0
"The iPhone was the most expected part of the event, although I liked seeing the 120Hz display. I was most exited about the Apple Watch and iPad Mini",js5-76a,11 ay Ã¶nce,0
Love your videosAlways high quality and very informativeAlso love the stuff you do with your sis.,1977NOBODY,11 ay Ã¶nce,0
I canâ€™t wait to see the unboxing :),Shuhena Meah,11 ay Ã¶nce,0
I love all the improvements but the only thing that didnâ€™t make me excited was the iPhone 13 ,Yojansel Cuevas,11 ay Ã¶nce,2
This apple event was full of disappointments tbh and I was so excited for it too .,Isaac .X,11 ay Ã¶nce,1
"I'm the same way Justine! I'm like ""when exactly is 'later this fall' ""? I'm assuming November bc I feel like if it were October they would have just said ""coming next month""",Katie Hobbs,11 ay Ã¶nce (dÃ¼zenlendi),0
"Justine always finds a way to make people's day happier, she has inspired me to start my own channelï¸ï¸",Shellify,11 ay Ã¶nce,33
"Yes! Justine Is Back Again with a Video!
Can't Wait to reaction of iPhone 13 Unboxing!",Shakthi Rithish,11 ay Ã¶nce,0
Such a good event lots coming. Love the new iPad mini.,Thomas,11 ay Ã¶nce,1
I hoped for a hot pink iPhone too! I guess I'm gonna finally get the purple iPhone 12 I've been avoiding to get while I was waiting for the iPhone 13 in hot pink,M Y,11 ay Ã¶nce,0
The iPad 9th gen is such a good deal in my opinion. Love that it got a overall even though it kept its same shape and home button. Way more affordable then the iPad Air.,Jacob Bio,11 ay Ã¶nce,0
This new iPad Mini look really amazing alright,Greendro,11 ay Ã¶nce,0
"I love your energy, its fun to watch!",riinxlly,11 ay Ã¶nce,2
Apple gone be rule the best ,Naveen Varghese,11 ay Ã¶nce,1
"Hi Justine.. 
So Excited for The New IPad Mini hopefully u start with it 
KeeP it UP ",Ibrahim ZaQOuT,11 ay Ã¶nce,1
Keep up the grind ,TheBowserFamilyKitchen,11 ay Ã¶nce,0
A very timely update ,Mojeeb Ahsan Live,11 ay Ã¶nce,0
Still rockin my rose gold 6s plus so Iâ€™m am excited to finally upgrade ,Bevan Wittner,11 ay Ã¶nce,0
Never used an iPhone before. Planning to pick up iPhone 13 when it's released,debish vebish wish,11 ay Ã¶nce,0
"So will he new watch S7 scratch on the face plate or do you still recommend a case over it?  It may not crack, but I constantly knock into things so I have a case over my S5 so it will not get scratched.  Great Vid like usual, oh I really enjoy Fitness+ as well!",Marc Spunt,11 ay Ã¶nce,2
Am I the only one who's just waiting for new content on the new line of products?,Nugget. #roadto500,11 ay Ã¶nce,34
I already have the phone saved to my Apple account. I really hope I get it before it sells out.,Emily Strickland,11 ay Ã¶nce,0
"I already ordered my iPad mini, can't wait to get it! I'm sure I'll upgrade my phone and watch too, I can't resist!!!",Molly Fitz Brown,11 ay Ã¶nce,0
When does the iPad mini come out? Itâ€™s what I want SO BAD!!,paige kaufman,11 ay Ã¶nce,0
"In case Apple decides to have an audience in the apple events soon, I would love to buy a plane ticket to California and be there. ",Junior Woman,11 ay Ã¶nce,0
Hello! Does the 12 pro max cover glass fit the 13 pro max? Thanks.,EVGENII,11 ay Ã¶nce,0
The iPad mini looks so goodd even though itâ€™s just a small ipad air just any tech products small are cute,Mr Pepero,11 ay Ã¶nce,0
Would like to see the Astrophotography in use ,SmokyMtn_EDC,11 ay Ã¶nce,0
love your content!,Devika,11 ay Ã¶nce,0
Iâ€™m exited that they announced new products,Guinnevereâ€™s Chronicles,11 ay Ã¶nce,0
"Every time Apple season comes around, I come here 
Also, iJustine is the reason I changed to Apple.. sheâ€™s a Queen ",Lannie Rose,11 ay Ã¶nce,0
"iPad mini is really impressive !

Lmao can't believe they undercut Samsung S7 with A15 bionic !!",Param Drall,11 ay Ã¶nce,0
watching to see if Justine's enthusiasm can make me get excited about the iPhone 13. Spoiler... it didn't,Dushane Waugh,11 ay Ã¶nce,0
I was low key wishing Apple would bring back the ceramic Apple Watch ,gega7,11 ay Ã¶nce,0
I really liked this event because I watched it rather than watching a reaction and I loved it,Just A Normal Hamster,11 ay Ã¶nce,0
"Prove you are as excited as Justine for the new iPhone 13â€™s, the new mini iPad, new Apple Watch series 7, and all of the new upgrades and the new camera feature. ",Luis Hernandez,11 ay Ã¶nce,9
Thanks for this video summary of the Apple Event.,Mitchell Baird,11 ay Ã¶nce,0
"I just want to say, I had a dream about the iPhone 12 design having flat edges and a fancy glass back to it almost a year before the iPhone 12 came out and never seen leaks",Jeremy Perrin,11 ay Ã¶nce (dÃ¼zenlendi),0
Will the 13 pro fit the 12 pro cases?,TrinaRed919,11 ay Ã¶nce,0
"Challenge?:
Make the iPhone review video with either the iPhone 13 or the iPhone 13 pro series XD If there is Perez maybe you could show a little bit of how well that footage is? Maybe you could also talk about the experiences while using the iPhone to shoot a movie like video",BXu,11 ay Ã¶nce,0
"Ij, i just love the new ipad mini!!! Waiting for you to get it!! It better be purple!!",DEB V.C,11 ay Ã¶nce,2
"after seeing the iphone 14 leaks,,, i would like to wait but i dont think i can D: ive been needing an upgrade from my iphone 7 for awhile. soo should i get the gold or blue for the 13? also what are yalls opinions on the apple upgrade plan???",Mag Dreemur,11 ay Ã¶nce,0
iJustine needs to host an Apple event. Then I'll watch it. Apple is lucky to have such an ally. Her positive energy is always a vibe,mercy main,11 ay Ã¶nce,1
Will older Apple Watches get an update to have full keyboard?,OneManTagTeam,11 ay Ã¶nce,0
Justine went from getting a restraining order from the Apple CEO to an exclusive interview with the Apple CEO. Thats character develeopment.,Lungshenli,11 ay Ã¶nce,3
"High key waiting for Justine's iPhone 13 Pro review before deciding whether to upgrade or not :D

Also, my Apple Watch series 5 has already detected when I've fallen off my bike, more times than I want to admit lol But I'm confused as to why it's presented as a new feature",Carlos Rojas,11 ay Ã¶nce,0
"And imagine there's notch less iPhone, where the camera and mic are on the top of the bezel.",Jia Long,11 ay Ã¶nce,0
I donâ€™t watch the apple event I just wait for your recap ï¸ï¸,MountainsNC,11 ay Ã¶nce,0
ijustine imagine a iPad Mini with cellular service you could make phonecalls with ! Why is there no 1Terabyte option for the iPad Mini ?,Alexander Hilberger,11 ay Ã¶nce,0
Love your energy. You love all tho. Which device do you personally use in the long term. Pro or mini ipad.,Meowth,11 ay Ã¶nce,0
I kinda wanna know is it worth upgrading the series 3 apple watch to the series 7 or wait?,ben osowski,11 ay Ã¶nce,1
I like the Mini. But I much rather still stick my M1 12.9 inch iPad,Melbi Carrillo,11 ay Ã¶nce,0
I ordered mine in purple with the purple folio case and I finally upgrading my mini two,Maui. Tech.,11 ay Ã¶nce,5
I'm getting the iPad mini.. it's the only thing that changed enough for me to justify a purchase,Raul M,11 ay Ã¶nce,0
Good efforts and congratulation for iJustine with Sir Tim cook conversation love from Pakistan Karachi.,Vlogs & foods with Muhammed Siraj,11 ay Ã¶nce (dÃ¼zenlendi),0
So do you think the fall detection can be used in other ways cause I could see that being really good for people with disabilities and elderly people who fall it could connect to someone theyâ€™re friends with on their watch and let them know this person has fallen I know my grandma has fallen a lot and this would be a game changer,Taryn River,11 ay Ã¶nce,1
Watching you makes my day! :),Miguel JosÃ©,11 ay Ã¶nce,1
"I'm about to upgrade from Samsung Galaxy S20 plus (Exynos version) to Iphone pro max 13 or pro max 12. I'm so disapointed with battery/heat performance in S20 plus and the point shoot camera is doing too much exsposure, so photos in the bright light always came out over exposed. I don't care much about 120hz and 4k screen, but true to life photo and  video quality since I'm doing much of the outdoor photo/video, and the Iphone pro series have the best quality photo/video among all the smarthphones. Unmached image signal processor. Iphone rules!",Dark Hunter,11 ay Ã¶nce,0
"Finallyâ€¦.

We have Promotion on iPhone, iPad Pro users u will understand why this is long overdue",Krish,11 ay Ã¶nce,1
I was waiting for justine's coverage of the event ï¸ï¸,Shubham Bhardwaj,11 ay Ã¶nce,0
"I was hoping for the apple watch to have a facetime camera so you can video chat on your wrist
Still waiting for that to happen ",Alex Gonzalez,11 ay Ã¶nce (dÃ¼zenlendi),0
What do you think about i13 pro max 256gb for 4k video recording?,Mire,11 ay Ã¶nce,0
"This event will be forever be known as the ""Mini event.""

I love Apple, but I seriously need a new MacBook Pro. Hope they announce it soon.",Arcadia Live,11 ay Ã¶nce,0
Ready to stop rockin my 6s plus and series 2 Apple Watch. Gotta stay a few generations behind because Apple retains the value too long.,Nobody Not Really,11 ay Ã¶nce,0
I love your videos!!! ,Sabrina Moreno,11 ay Ã¶nce,0
"I was already worried! No rumours about new iphone, and then bam! Interview with Tim and this video. ",ANA Arhanic,11 ay Ã¶nce,1
"Would i get a better warranty and service if i bought this ipad from the apple store, rather than from amazon?",212 power,2 hafta Ã¶nce,0
"Wait, can you confirm that the MagSafe wallet with Find My built in can in fact be tracked, or does it just show the last location when taken from the phone?",Michael Lowrimore,11 ay Ã¶nce,1
"I'm still on the 9.7"" iPad Pro, I might go with the new iPad mini.   And On the iPhone Xr, Moving to the iPhone 13, and maybe a iPhone 13 Pro later on.  Yes I'm planning to get both... All Blue.",Richard Masters,11 ay Ã¶nce,0
I am excited about wallet and the new watch for sure!  What color will you be getting?? Typical silver as always are will you go with the new blue???,Sarah Young,11 ay Ã¶nce,0
"Apple if youâ€™re listening, sidecar needs the option for more than one device at the same time.",Scott Suiter,11 ay Ã¶nce (dÃ¼zenlendi),0
IM SO EXCITED FOR THE NEW PHONE!!!,jess,11 ay Ã¶nce (dÃ¼zenlendi),0
Traded in my iPad to get the new iPad mini. I have been waiting for it to be updated and Iâ€™m so excited to pick it up on the 24th,Marisa Pemsler,11 ay Ã¶nce,0
Are the MacBooks announced later? Was kind of waiting on those,999happyhauntsâœ¨,11 ay Ã¶nce,0
"I didn't know Jon Stewart was returning to television until I watched this video. Man, you learn a lot when you watch IJustine videos.",Randy Ragsdale,11 ay Ã¶nce,1
The highlight of the event is the ipad mini. I was planning on just buying a phone.. now im hooked on the ipad mini ,Gillian,11 ay Ã¶nce,1
Is that a curved display on the series 7 watch. Itâ€™s a good looking watch,Nathan,11 ay Ã¶nce,0
So does this mean that the iPad mini with the A15 bionic chip is now more powerful than my 2018 iPad Pro with its A12X? ,Adventures with CC,11 ay Ã¶nce,3
I actually am gonna upgrade to the iPad mini. I have the 2018 11 inch pro model and tbh itâ€™s just to big for me. Also the Apple Watch from what I heard that it probably wonâ€™t be available till next month maybe November cuz of production.,Kendall Schillinger,11 ay Ã¶nce,2
"For the fitness group I want to see Marquess, the everyday dad and max techs",NewAgeHero,11 ay Ã¶nce,0
Justine should be Tim Cookâ€™s assistant or CAO of apple ,Adanio DeBaz,11 ay Ã¶nce,0
"I don't upgrade my phone every year. But will be upgrading this year to 13 Pro Max, wish that there was touch ID. But for me this will be a three year phone.",Dale de Vernon,11 ay Ã¶nce,0
"I'm so torn.  I don't know if I want the pink phone or the pro max in gold.  I've always wanted a pro max phone, and a pink phone.",shelbypink1,11 ay Ã¶nce,0
"I am with you iJustine - all the love for Apple Watch ... and is it early, early, EEEARRLYYYYY fall???!!!",Suzanne Sardinha,11 ay Ã¶nce,0
Iâ€™m pretty excited about the cinematic stuff.  I canâ€™t wait to try it out on an Adventure!,Explorenit,11 ay Ã¶nce,0
"I believe Apple should continue doing their launch event like this

This way everyone can enjoy the Launch event at its full glory , Not just Youtubers who are at the live event 
The Apple event pre covid was ok ish, but now it's better than ever",Rajkumar Cl,11 ay Ã¶nce,1
"I want the ipad mini, its adorable",void Mia,11 ay Ã¶nce,0
Canâ€™t wait for the watch! I wish I would use the iPad but I have no ie for it at this point in time. Iâ€™m hoping if I pre order it Friday when itâ€™s available Iâ€™ll get it ASAP before my trip!,John Jamieson,11 ay Ã¶nce,0
love your videos!!,angelina jang,11 ay Ã¶nce,0
"What cookie iPhone 13 will you be getting and which one? Also same question for the watch and iPad, if you do get one.",Austin Horton,11 ay Ã¶nce,0
"If Touch ID is on the power button, Iâ€™m assuming you cannot use a case?",Travis Dewys,11 ay Ã¶nce,0
The iPad mini i am looking forward getting that,Moped Mike,11 ay Ã¶nce,0
What color are you getting on the pro? And are you going with the max?,Heather Robbins,11 ay Ã¶nce,0
Iâ€™m so excited to get that new baby blue iPhone 13 pro,Ezekiel Lara ASMR,11 ay Ã¶nce,0
I love Justine shes has a very good sense of humor,Rani Mungcal,11 ay Ã¶nce,0
I'm confused. Justine seems to be holding the iPhone 13 Pro-era Apple case but Apple doesn't offer this color on the iPhone 13 Pro. The camera housing bump is more noticeable,mini k,11 ay Ã¶nce,0
I love your videos IJustine,Rufus Smith Jr,11 ay Ã¶nce,1
"Iâ€™ve already started my pre-order for 13 pro max, that boy is coming home with me day 1. Theyâ€™ll more than likely release the Apple Watch around early to mid November to take full advantage of the holiday season. I actually think itâ€™s great theyâ€™re not releasing it immediately because I only have enough money for the iPhone right now and this will allow me time to get the rest of my money together in preparation. I also find it funny that with the 1TB option some ppl will have more storage space on their iPhone than I do on my PS5 at 825 GB. Even tho they are updating the PS5 to allow expandable storage I think thatâ€™s absolutely wild.",Anthony,11 ay Ã¶nce (dÃ¼zenlendi),0
Gotta feeling like already next years iPhone will be portless!,JoJ LaL,11 ay Ã¶nce,0
The amount of Fs I have for every no iphone is literally 0. I can hardly remember which one I own myself,Yuu,11 ay Ã¶nce,1
I am really surprised that Justine didnâ€™t mention the fact that the 13 and 13 minis cameras are diagonal instead of having one below the other,ig- Evaid,11 ay Ã¶nce,0
I canâ€™t wait to get my hands on the iPhone,Bryan Nandall,11 ay Ã¶nce,0
Two videos in a day! What a treat!,Grand Audio,11 ay Ã¶nce,14
I can finally upgrade my iPad mini 2 ,VenoStuff,11 ay Ã¶nce,0
Curious that will you unbox all colours of every product,abhay m rai,11 ay Ã¶nce,0
"This was the first Apple event I didn't watch. I'm not sure what it is, but everything feels stale with the company. Nothing seems fresh. Thankful for videos like this that summarize everything.",Everything 80's Podcast,11 ay Ã¶nce,6
Canâ€™t wait for her iPhone 13 unboxing video ,Mustafa,11 ay Ã¶nce,1
It was awesome seeing you chat with Tim! I saw you were using Air Pods did you use face time then edit it?!?,Every Day Jay,11 ay Ã¶nce,1
I think I might buy the 13 pro Max since I didnâ€™t get the 12,Chantia Lewis,11 ay Ã¶nce,0
"Definitely wanna see you, Sara Dietchy, MrWhosTheBoss, and MKBHD do a cycling class",NapostropheN,11 ay Ã¶nce,9
Please do an iPad mini-review as soon as you get one!!! :),Cristal Soto,11 ay Ã¶nce,0
The iPad mini looks so cool!  Excited to get a new 13 soon!!  Not sure if Iâ€™ll upgrade my watch this year or wait.  Thanks for the recap!,Grace Gil,11 ay Ã¶nce,1
Apple x iJustine collaboration ,Rodney Hopkins,11 ay Ã¶nce,0
i love that you were able to talk to tim cook himself!!,jess,11 ay Ã¶nce,0
Was waiting for this video so badlyï¸,Upasna Gambhir,11 ay Ã¶nce,4
When do you think the new macs will come out?,Joshua Myring,11 ay Ã¶nce,0
Definitely want Ro to be apart of the fitness group! Maybe like a Zumba workout,Future_Artist18,11 ay Ã¶nce,1
I have the iPad Pro 12.9 inch 2018 and I want the iPad mini for reading and watching videos on the go with portability like being able to put in my bag and read and a book if I want,Black Queen,11 ay Ã¶nce,0
"I have been needing a new phone for over a month and will be purchasing the 13 pro in graphite which is a change for me as I have been using the rose gold and gold version for about 5 years. It will be a size downgrade from XS max as I have been wanting a slightly smaller phone instead of a larger one. I was disappointed that Apple didn't do a pink for the Pro models, always on display and touch ID on the power button..",Ignessa Davina Toh,11 ay Ã¶nce,0
All i wanna see is Linus on a spinningbike!,C4rnal063,11 ay Ã¶nce,0
definitely get the blue iphone13promax ï¸,Madara Uchiha,11 ay Ã¶nce,0
Currently with the 12 Pro maxâ€¦ is it worth the upgrade this year or just hold off..,Allure Goddess,11 ay Ã¶nce,0
I have an iPad 6th gen. Would it be worth upgrading or not?,Shelly MK,11 ay Ã¶nce,0
It's all nice if the prices of iPhones were the same in all countries. So in the country where I live iphone 13 pro max 256 gb costs 1900$.,Nemanja Simic,11 ay Ã¶nce,0
You were typing to take notes on the event? lol I'm still writing with pen and pad. So happy about this event!,TechOutAdam,11 ay Ã¶nce,0
She should've taken part in the iPhone 13 development team.,Roosevelt,11 ay Ã¶nce,0
"Hi Justine! I have an apple related question. I am a HUGE apple lover but have not used an iPad in several years. I am a full time nursing student & next semester will be my 3rd which consists of lots of lectures, note taking, etc instead of the hospital setting I am in now. I have the Macbook Pro now & live on it. literally. I love it & will never stop using it BUT my friends say having an iPad makes life much easier during class for note taking. Basically I am asking what iPad do you think would work best for me? The newest one (not the mini) or the iPad Pro?",Kiara Schmidt,11 ay Ã¶nce,0
I wish they made the 13 pro max in the pink colour  I donâ€™t want the 13!!,sanaa hanaa,11 ay Ã¶nce,0
"Would love to see Justine workout with Marques, just cause. Also Lamar and Jon because California. And Jenna.",JunkionMarnot2005,11 ay Ã¶nce,0
"90hz for the regular iPhone should have made the cut, along with always on for the whole range. They're playing way too safe, even with their choice of pallette. I'm going to hold off to see what the Pixel 6 and 6 Pro brings before making a decison.",Sarfaraz M. Hosseini,11 ay Ã¶nce,0
Do you agree that the Sierra Blue  was the iconic color of the Pro Lineup. I wished for purple color  iPhone 13 but sadly it isn't there,Aruna Kumari Pedapati,11 ay Ã¶nce,2
Im sure MKBHD is gonna do the unboxing first like he did last year with 12 pro and 12,Anthony Roman,11 ay Ã¶nce,0
"@ 6:51 - This is what most of Apple iPhone users have been waiting for.... 

This is it....",KHAEL The Great,11 ay Ã¶nce,0
The Apple Watch 7 has the same exact cpu as the 6. Very minor updates to the iPhone line. The only thing I was excited about was the iPad mini.,Throast,11 ay Ã¶nce (dÃ¼zenlendi),0
yay! your videos are the best! ,Emily Sousa,11 ay Ã¶nce,1
Waiting for the iPhone 13 series unboxing and review.,John Biju,11 ay Ã¶nce,0
I love it!,AQeeLâ€™s Life,11 ay Ã¶nce,0
Thanks for the update.,njanks,11 ay Ã¶nce,0
You have to have MKBHD join you for a group fitness class!,Kyle's Pirate Life,11 ay Ã¶nce,5
"""They added bike fall detection. I actually started riding a bike a lot more over the last few years, so I'm very excited to test this out"". You telling me she's purposely going to get into a bike crash? Justine I know you're excited but I'm not sure you have to that.....",jxmiie,11 ay Ã¶nce,0
Well Apple ever let us check battery health on iPads,Alisia Pike,11 ay Ã¶nce,0
I cannot wait to get the iPhone 13 pro max and the apple  watch 7. I look forward to all of your Apple  unboxing Justine.,Lisa Parker,11 ay Ã¶nce,0
Justine should be the next Apple CEO. Maybe we can get more color options for the iPhone Pros. I wish it came in Product [RED],Jason M,11 ay Ã¶nce,0
Well! New refresh! Love it as always!,Akhshat Kampassi,11 ay Ã¶nce,0
Can we please see a group workout with Kimâ€™s 30 min HIIT; Dustinâ€™s 45 min Crow sequence; Batinaâ€™s 30 minute FST; Bakariâ€™s Core (he only has 2 as of this comment but those 2 are that dam good); & Greggâ€™s Mindful Cooldown.,Charles Smith,11 ay Ã¶nce,0
Hopefully soon they make a pink phone for the pro max!!!!,Bryce & Jass,11 ay Ã¶nce,0
"For me, the iPad Mini was the best thing shown at the presentation",Banook!,11 ay Ã¶nce (dÃ¼zenlendi),0
i would like for her to do a iphone mini review just so i know if i want to buy it or not,PAPA,11 ay Ã¶nce,0
"Holy shit, I canâ€™t believe this. Huge moment for ij to get a 1:1 with Cook. Amazing ",Moe,11 ay Ã¶nce,1
"How cool are you to get such a cherry spotS with Tim Cook nowâ€½

As the old Magellan GPS used to say â€œYou have arrived!â€",Em Wintle,11 ay Ã¶nce,6
I am looking at the iPhone 12 mini and the 13 mini what one would you get ??,Joey nunes,11 ay Ã¶nce,0
I honestly NEED to see Lamarr do Yoga or Pilates,Katy Crockett,11 ay Ã¶nce,0
I was waiting for you to give a run down.ï¸,Gail K,11 ay Ã¶nce,1
Canâ€™t wait to see the pink iPhone,iDillyD,11 ay Ã¶nce,0
ahhhh so excited!!,Andrea Staylor,11 ay Ã¶nce,0
"Justine: After the Iphone the Apple Watch is one of my most favorite Apple things.
Me: Justine girl you love everything from Apple.",Eva Bedura,11 ay Ã¶nce,0
Didn't expected Apple to put the volume rocker on the top of mini 6. It would have been better in the opposite direction of the Apple pencil location.,Harsh Patel,11 ay Ã¶nce,0
I want the new iPad Mini.,marksapollo,11 ay Ã¶nce,0
"No Justine, you do NOT want to test out the new bike fall detection by falling off your bike!",marksapollo,11 ay Ã¶nce (dÃ¼zenlendi),0
QUEEN IS ON TRENDING ,Arianaâ˜†,11 ay Ã¶nce,0
"I love the name starlight but Iâ€™m disappointed by the color of it. Itâ€™s basically whitish silverish. I also wish the pro versions had the red version. If they release it for the 13 and mini why not for the pro lineup? As much as I love the new blue version, Iâ€™m going with gold this time.",Andre Hamraee,11 ay Ã¶nce,0
oooh would love to see a group workout with @reneritchie @techme0ut @karlconrad @marquesbrownlee ,Tea with Jann,11 ay Ã¶nce,1
The rose gold 6S 6S plus was kinda like a pink iPhone ,Jeevan Batla,11 ay Ã¶nce,0
Such a good event lots coming. Love the new iPad mini.,bilinas mini,11 ay Ã¶nce,0
Didn't see the event. That was a great overview. Nothing overly exciting that would trigger a needed upgrade...but some nice products to consider if your devices are a few generations old.,Thu Thuy,11 ay Ã¶nce,0
Is it worth going for the 13 Pro or is it better to save some $$$ and go with the 12 Pro?,Shashank Raman,11 ay Ã¶nce,0
Amazing ï¸,Rajat Rahi,11 ay Ã¶nce,0
which is better ipad air 4 64gb or iPad mini 6 256gb?,David velasco,11 ay Ã¶nce,0
I need to see you and Cassie do a fitness class!,DJ2Thiccccccc,11 ay Ã¶nce,1
Favorite tech YouTuber of all time ,Keagan Rusch,11 ay Ã¶nce,0
iJustine & Rene Ritchie together are Appleâ€™s biggest cheerleaders.,Pedro SimÃµes,11 ay Ã¶nce,1
Nah it'd be kinda funny to see marquees brownlee doing spin class with justine ,Fayyad Tahir,11 ay Ã¶nce,1
I watched the event at 1am because of where I am. But I was too excited to even feel tired.,Padmo,11 ay Ã¶nce,0
"I was wishing, hoping and pleading for a pink iPhone since last year's event. Everyone said ""no it's not gonna happen"" but it happened! Pink iPhone! Though I wish it was pinker too, it reminds me of the pink/gold iPhone 8. Maybe in person it'll look different?",soslytherchic92,11 ay Ã¶nce,0
The iphone 13 here in the Philippines is very very expensive! It costs an arm and a kidney ..mostly rich people can afford that.. all this enthusiasm but remember the 14th iphone will be out next year ,Ad Den,11 ay Ã¶nce,0
"There once were two great imaginative innovators.  They didn't always get along, but both believed in their dreams.  One retired, the other died.  And their dream has been left in the hands of an accountant, who runs the company like an accountant would.  ""Updates"" instead of innovation, year after year after year.  I hope somewhere in this world there are two other young guys, working in their garage, with little funds, just a dream, who are inventing something that will inspire this world even further.  ""Apple"" is already 'old'.  It feels 'safe', like visiting your grandparents for Sunday dinner.  There must be today lots of Apple users who weren't even born when Steve Jobs was alive presenting his new ideas, wearing just a pair of jeans and a t-shirt - so cool.  I feel for them.  It's like those today trying to imagine what it must have been like to have been alive when the Beatles were a group, or even the Backstreet Boys were making their hits, or the Spice Girls - all from a long ago past era with only a Kardashian or a Jenner to inspire them now.",Mr Model,11 ay Ã¶nce,0
La mejor de todos,Lionel Hernandez,11 ay Ã¶nce,1
"iPhone ""Mini"" is just normal size, it was the companies that forced us to go larger.

WHY MORE CAMERA BUMP?",DUSTRICK,11 ay Ã¶nce,0
"We want to see Linus, and we want Jujutsu.",PLASMATECH Studios,11 ay Ã¶nce,2
Soâ€¦.. my AirPods show up in findmyâ€¦ do you mean you hope they have the same chip as the AirTag?,Chris Leiter,11 ay Ã¶nce,0
"The base iPad couldâ€™ve benefited from a better, sleek design.",Pokhraj Roy,11 ay Ã¶nce,0
had no idea you were into jiu jitsu! this is awesome!,pakalulu28,11 ay Ã¶nce,0
Waiting for Apple Watch Series 7 in UK.,Carl Davies,11 ay Ã¶nce,0
"Everyone says they want Justine to host the apple event....   I want her to just come to my house and hang with my fiancee and I for a day!!!!!  Go shopping, eat out, go boating, to an apple store!!!! Boating, whatever!!!!   How awesome would that be!!!!!!!!!!!!!!!!!!!   She's freaking awesome!",Army Dood,11 ay Ã¶nce,0
You are my inspiration justine. I love  you.,Swapnil shirsat,11 ay Ã¶nce,0
"I don't know 32 tech youtubers lol but I'd like to see you, Jenna, Marques and a few others do a HIIT (guys and women together would also make fro a great comparison)! Bwahahahahahaha.",Trish204,11 ay Ã¶nce,0
"Itâ€™s so nice that youâ€™re a positive person without being mean or cynical, like so many other angry dudes. Youâ€™re the Queen of youtube ",Starboy,11 ay Ã¶nce,0
You should tell Tim about having Touch ID on the iPhone during this pandemic. ,Theran Goh,11 ay Ã¶nce,1
Omg Justine! Make Lew Later do fitness classes! Is he your friend? Lol,Jere Badine,11 ay Ã¶nce,0
I am waiting for ipad mini ï¸,Tech vinayak In telugu,11 ay Ã¶nce,0
"Dear person that is reading this, seriously we donâ€™t know each other but I wish you a long life full of happiness! Past is gone, so blaming wonâ€™t bring anything so accept things and keep moving forward. Youâ€™re a precious gem  if you value yourself so keep your smile  because all the keys  to a happy life is in your hands  ",ThunderLegend,11 ay Ã¶nce,28
You can be a great replacement to Kaiann Drance!,imaliash,11 ay Ã¶nce,1
Iâ€™m super excited about the iPad mini 9 the color purple,Tami,11 ay Ã¶nce,0
,Rajat Tak,11 ay Ã¶nce,0
Imagine m1x inside I pad mini.,Abhishek Bhattacharya,11 ay Ã¶nce (dÃ¼zenlendi),0
We wanna se nadeshot you and Jenna trying the new Pilates program,Thomas Mpistas,11 ay Ã¶nce,0
You should do a workout with Marques Brownlee. He was just complaining about the lack of group workout/competition in his video.,John Hamilton,11 ay Ã¶nce,8
Best tech youtuber in the world. Love you justine,Jawad Nawaz,11 ay Ã¶nce,0
"i am not getting apple iphone this year because i want the all new Pixel 6 Pro, that's new design is so awesome and the camera design is so amazing too, ah i can't wait to palm my hands",Sandi Hermana,11 ay Ã¶nce,1
Love you Justine,Zachary Woolsey,11 ay Ã¶nce,1
The drone shots in the announcement were more impressive than the products,Amir Imran,11 ay Ã¶nce,1
Not Justine talking about her wallet getting stolen and then an advertisement about being burgled comes on,Mattomo,11 ay Ã¶nce,0
Hi Justine im pretty sure fall means the start September 24 which is also the date the iphone 13 can be picked up im also dissapointed i wanted a bubblegum pink iphone like the picture circulating the internet,Pet_tula Rhodes,11 ay Ã¶nce (dÃ¼zenlendi),0
"Hey, to you reading ..... you are loved in this moment, just as you are, here's how we know:
""For God so loved the world, that he gave his only begotten Son, that whoever believes in him should not perish, but have everlasting life.â€",Aaron,11 ay Ã¶nce,0
Sorry that event was the most underwhelming event Iâ€™ve seen in a long time.  Itâ€™s time for an upgrade for my iPhone but I think Iâ€™ll keep it at least for another year.,StephieLynn3,11 ay Ã¶nce (dÃ¼zenlendi),0
"Investing in crypto now should be in every wise individuals list, in some months time you'll be ecstatic with the decision you made today.",Randy Lucas,11 ay Ã¶nce,12
B.C. and A.D. are timemarks everyone uses. Jesus Christ is the one and only Lord and Savior who Rose again. There is no peace without repentance and resurrection. ï¸ï¸,One Way,11 ay Ã¶nce,0
"When i saw the pink iphone 13 for the first time, i was like: rose gold people are gonna like this. Guess i was right.",adamator,11 ay Ã¶nce (dÃ¼zenlendi),0
Justine I am so excited for the new iPad,Edward Sanchez Productions,11 ay Ã¶nce,0
Ahh all I want is a product red iPhone pro. Is that too much to ask? ,Kaila K.,11 ay Ã¶nce,0
What happened to 256gb and 512gb ? Apple pulled an L again.,Shy,11 ay Ã¶nce,1
Will you be doing an unboxing and review of the iPad mini 6?? Will it be soon??,Hayley,11 ay Ã¶nce,0
I wish they brought back the rose gold for the iPhone 13 pro max. Or even the pink!,Annie D.,11 ay Ã¶nce,0
"I really would like to get the low-end iPad, but I canâ€™t bring myself to settle for the Pencil 1.",Em Wintle,11 ay Ã¶nce,2
I thought theyâ€™re gonna mentioned the new airpods ):,Zulhxl,11 ay Ã¶nce,1
You're the biggest Apple fan girl ever!!!,Shaan Khilnani,11 ay Ã¶nce (dÃ¼zenlendi),0
I have the iPhone XS and really unsure if I should upgrade or not.,Specific Pickle,11 ay Ã¶nce,0
comeon justine this is the time that you should say you shouldnt upgrade from 12pro max to 13 ....,A.E.A,11 ay Ã¶nce,0
How excited are you about series 7 I WATCH ,Naveen Chandra,11 ay Ã¶nce,0
"Already mentions iPhone 14!
Lightening port is so out of date. Seeing as Apple pushed ONLY  usb-C on MacBooks over 5 years ago its crazy they still havenâ€™t pushed it on the Phone.
Girliest video ever.",Barrie Moorcroft,11 ay Ã¶nce,0
Unfortunately the base level AirPods (currently) donâ€™t have find my. But the pros and max will be getting find my support. with I suppose a firmware update after iOS15,phonepup_mk8DX,11 ay Ã¶nce,0
Me waiting for this phone to drop so the other ones will be cheaper haha,Jade Gill,11 ay Ã¶nce,0
We are so much excited about new iPhone 13 pro max,Hariom Parmar,11 ay Ã¶nce,0
Hey Justine! What is the size of the new iPad mini?,Oscar Cao,11 ay Ã¶nce (dÃ¼zenlendi),0
iPad mini has peaked my interest.,Alberto Marcano,11 ay Ã¶nce,0
When will you be unboxing the new phones?,Justice Shofner,11 ay Ã¶nce,0
What is the screen quality gonna be on the iPad mini ?!?!,Scott Schade,11 ay Ã¶nce,0
Best smart phone ,TVHKH COOKING SHORTS VIDEO,11 ay Ã¶nce,0
Not the most exciting of Apple events. We seem to have reached the era of small iterative updates in tech products now.,Dan Young,11 ay Ã¶nce,0
the ipad mini is so cute i want one but i donâ€™t need it lol,r o b b i e,11 ay Ã¶nce,0
Can you pretty please tell me what is the Apple Watch series 7 Price in Australia and is it worth upgrading from the Apple Watch series 6,Nicholas Papadopoulos,11 ay Ã¶nce,0
I'm liking the iPad mini,Anything by Pat,11 ay Ã¶nce,0
$400 for a watch that probably cost like 20 $30 to make in China  ,D. Menace,11 ay Ã¶nce (dÃ¼zenlendi),0
Nice video iJ!,Campwise05,11 ay Ã¶nce,0
the iPad mini is incredible Justine,JLâ€™5,11 ay Ã¶nce (dÃ¼zenlendi),0
Imagine there's Green colour in the iPhone 13 Pro series,Jia Long,11 ay Ã¶nce,0
Nothing to excited about this eventâ€¦!!!!,Sambit Halder,11 ay Ã¶nce,0
I love your video thatâ€™s incredible,fadfifa22,11 ay Ã¶nce (dÃ¼zenlendi),0
I would love if Apple fix the bug of tattooed skin and the Apple Watch,Chadvox,11 ay Ã¶nce,0
Thanks for posting this video!!,Navya Gaekwad,11 ay Ã¶nce,1
Just to clarify the ipad mini is $499  or am i wrong?,nadia Patino,11 ay Ã¶nce (dÃ¼zenlendi),0
"I am NOT impressed with the new iPhones, will wait for  next yearâ€™s iPhone/watch",SURINDER SINGH,11 ay Ã¶nce,0
Sooooo will the iphone 13 pro max cases work on my iPhone 12 Pro Max caseeee,Jacob 2k27,11 ay Ã¶nce,0
Apple should start making cameras that big notch belongs in Nohaâ€™s Ark no finger print Id no emergency satellite communication another year wasted,Graham Bazzacco,11 ay Ã¶nce,0
"I really disagree with how this event less â€œover the topâ€ as you put it,  i feel like theyâ€™re focusing WAY to much on the cinematic transitions to new people, i felt like there was a full 15mins of just scenery floating around. It adds nothing, theres delay for no reason whatsoever, this time i was watching youtube after the event already was broadcasted so i just started skipping them.",Moonwired,11 ay Ã¶nce,0
Girl I will be getting the Pink iPad Mini too!!,Level Up Leslie,11 ay Ã¶nce,0
"any reccomened
 protective knock off iphone silicone cases with the apple logo?",i donâ€™t know,11 ay Ã¶nce (dÃ¼zenlendi),1
They should have just called these iPhone 12s,babatunda,11 ay Ã¶nce,0
Still waiting for iPhone to have USB C,Jason Tung,11 ay Ã¶nce,0
Anyone else believes iPhone 13 pro should have been called iPhone 12 Pro S?,Mario Armas,11 ay Ã¶nce,0
i was waiting for justine's video more than the event,CloudyRene,11 ay Ã¶nce,0
Justine is the best ,Marcos aguilar,11 ay Ã¶nce,0
I have a iPhone X and not sure if I should upgrade to the 13â€¦..,nocturn2501,11 ay Ã¶nce,0
Arenâ€™t photos and videos stored on iCloud not iPhone Storage?,Hunter Smith,11 ay Ã¶nce,1
Justine Iâ€™m sorry but I was not impressed at all with what I saw from this event. From someone that has been an Apple fan since the original iPhone theses product updates were very disappointing and limited. iPad Mini maybe being the only highlight of the keynote for me. I was expecting the Apple Watch honestly to be significantly updated and was expecting for a complete redesign of the Apple Watch. Guess the rumors were not accurate. Year after year Iâ€™m becoming less impressed and I feel innovation lately with Apple is limited. No wow factor for me.,Mike Schinella,11 ay Ã¶nce,0
Justine your recation was funny about the Touch ID on the new iPad mini Lol and you wanted the touch Id on the power button on the iPhones Lol,Rachel & Carmel,11 ay Ã¶nce,0
I was waiting for this,Richard Rodriguez,11 ay Ã¶nce,0
"I Will Take All Of The Colors Of iPhone 13 And Pro Max 512GB, iPad And MacBook This Year With My Extra Extremely Full Of Million Billion And Trillion Dollars Cash",Fatoumata Kaira,11 ay Ã¶nce,1
YES AIRPODS NEED A BUILT IN FIND MY WITHOUT HAVING TO CONNECT BY OPENING THEM!!!,Ian Oyama,11 ay Ã¶nce,0
the NASDAQ plummeted today after the announcement by Apple. They say there was nothing revolutionary announced. Yes. No blood glucose monitoring for Apple Watch 7 and no redesign. The apple event was deliberately underwhelming. So millions of people worldwide who wouldâ€™ve purchased an Apple Watch perhaps for the first time for health conditions like diabetes now have no incentive for buying one. The iPad and iPadOS remain stuck in order to protect and promote Mac sales. Apple has chosen to deliberately hold back the evolution of its iPads which it sees as being solely for media consumption and entertainment and let Macs continue to do the heavy lifting even though iPads are capable of so much more if only Apple allowed it. iPhones were an S year upgrade with nothing mind blowing in terms of features. All these many months of waiting with pent up expectations just be rewarded with a gentle letdown.,Graham Palmer,11 ay Ã¶nce,1
You soooo freaking amazing i love u,Abood Ismail,11 ay Ã¶nce,1
I hope the full keyboard is gonna be a software upgrade with the new updates because I want that on my Watch 6. Iâ€™m not gonna uopgrade to the 7 as there arenâ€™t reallty things to upgrade for imo. If it had glucose and maybe a flat design like the iphones then I would butâ€¦ no real upgrade material for me,Alex Linders,11 ay Ã¶nce,0
Love you And your videos,Saveings,11 ay Ã¶nce,0
Take my money now apples.finally i wanna upgrade,md fadil,11 ay Ã¶nce,0
probably apple didn't give review units to any  top creators,Vaorg Tech,11 ay Ã¶nce,0
I have been waiting for iJustine thoughts on this,rigor obedoza,11 ay Ã¶nce,0
"Guys please buy it, I'm gonna be honest and say that I bought calls for apple and if they do good by the end of next week when they expire I'll use the profit to buy my first ever iphone (the 13 pro max) my current phone is a Samsung that's several years old and I've only owned Samsung and LG my whole life (not counting an ipod when I was like 10) If you dont wanna do it for me, it still has some improvements over last year's model; longer battery life, better processing speed, amazing 1tb storage option, better camera, etc and it's at an affordable price (as far as apple goes since many including myself thought the price would be higher)",RealizedPotential,11 ay Ã¶nce,1
Is the Apple Watch series 7 compatible with the iPhone 8 plus?,Funny Welshman,11 ay Ã¶nce,0
I have a ipad mini 5. Dont think my dads gonna buy me a new one,Kitty Club Gaming,11 ay Ã¶nce,0
IJustine is the definition of apple ,NicholassohTV,11 ay Ã¶nce,0
"I've been watching iJustine since she started.  I remember her even being a dead body on CSI.  However, I just feel that now she's basically just another Apple Employee.  Very biased opinion and basically a hype of everything Apple.  I still have an iPhone and watch, but nothing this year deserves an exciting review.  I'd love to hear what iJustine really thinks without the paid endorsement.",John Christensen,11 ay Ã¶nce,0
not me buying a new ipad air just days before the new ipads came out ,ecoo bagg,11 ay Ã¶nce,0
does anyone know when the iPhone review embargo lifts?,Rishal Patel,11 ay Ã¶nce,0
I lost my AirPods and had to buy another pair few weeks later I found my AirPods in my car under the seat. ï¸,Girlsloveforcars,11 ay Ã¶nce,0
I sooooo wish I could use the mini as a phone!!! I want a BIG phone!!!! With pencil!! Like REALLY BIG!!!!!!,Army Dood,11 ay Ã¶nce,0
yesss  great video Justine!,David Paris,11 ay Ã¶nce,0
canâ€™t wait to have my tl flooded by this new apple content omg,Riccardo Zagaria,11 ay Ã¶nce,0
I watched the event live but then I had to go but I finished it,Bassy456,11 ay Ã¶nce,0
Nice love from India ,TeenGamer Clips,11 ay Ã¶nce,0
Good presenter. ,Zoran BakotiÄ‡,11 ay Ã¶nce,0
"Really? I filled up my 512gb drive on my iPhone 12 Pro. 

Iâ€™m going to try to get an iPhone 13 Pro 1T",Seth K Johnson,11 ay Ã¶nce,0
can't wait for your post unboxing iPad mini and give your opinion before this came to launch in my country,Bachtiar,11 ay Ã¶nce,0
I pad mini for sure,Greg Walloch,11 ay Ã¶nce,0
Iâ€™m getting the new iPad mini for Christmas,Tank_0407,11 ay Ã¶nce,0
Yaaass Queen! it's iPhone season ,TP Nikumatti,11 ay Ã¶nce,0
Why would anyone need 1TB of storage on a phone when you have iCloud,Robert Schuster,11 ay Ã¶nce,0
Ordered the iPad mini and I canâ€™t wait to use itttt,Simply Savannah,11 ay Ã¶nce,0
"IJustine Love Your Video Love From KOLKATA, INDIA",ROHAN BISWAS - [à¦¦à¦¾à¦¦à¦¾-DADA],11 ay Ã¶nce,0
You are really falling for 13s?,hometv,11 ay Ã¶nce,0
A few minutes later waiting for Justine to be in a apple ad,ghost,11 ay Ã¶nce,0
Ok! ijustice is the next Apple CEO.,sadus,11 ay Ã¶nce,0
She is always so excited,Black Sheep,11 ay Ã¶nce,0
My curiosity is overload what will happen to her old apple stuff?,BadboyLab,11 ay Ã¶nce,1
My beautiful Blonde wife wants to buy an iPhone 13 right now ,Younes Ten,11 ay Ã¶nce,1
"Me watching the apple event : injustine is going to release a video tommorow , 

I like iPhones and all but I am so sad I donâ€™t have one of them it would mean a lot to me if you you give me one like a giveaway",Joshua John Thomas,11 ay Ã¶nce,1
the ipad mini 6 is basically and ipad air 4 mini!,Timothy Williams,11 ay Ã¶nce,0
I am so excited,aesss_,11 ay Ã¶nce,0
So cool Justine!!!,Deon Spates,11 ay Ã¶nce,0
"Boring colours this year for the proâ€™s, the blue colour last year was so dope.",Warren Beer,11 ay Ã¶nce,0
"Can i ask for your old iphone, when you change your phone to iphone 13 . Been using my 6s for almost three years and canâ€™t afford to buy a new one .",Genrev Linao,11 ay Ã¶nce,0
"That iPhone is not worth an update, am I still going to get it yes ï¸",Jay,11 ay Ã¶nce,0
I miss white bezels on iPhones,Shpresa Sulo,11 ay Ã¶nce,0
A beautiful video with iPhone 13 with Apple very nice video thank you so much Justine you so beautiful,Abubaker Jandan,11 ay Ã¶nce,1
What coming in the box thats what I want to know,Meme Lovered,11 ay Ã¶nce,0
I'M GETTING THE IPAD MINI,JELANI MAVERICK PODCAST ğŸ¤ âš”ï¸,11 ay Ã¶nce,0
Best video ,Shahrukh Jamil,11 ay Ã¶nce,1
Hi Justine.. Love from India-Goa ,Siraj The Goan Explorer,11 ay Ã¶nce,0
I love it,Alan Calvillo,11 ay Ã¶nce,0
The new iPad mini is basically a miniature version of the iPad air 4,Niamh Ê•â€¢á´¥â€¢Ê”,11 ay Ã¶nce,0
"so the're releasing iphone 12 again , I see millions of sheep camping out to get the same phone they already got and Apple has run out of ideas without Steve.",Omar bk,11 ay Ã¶nce,0
"I still like my IPhone 11 Pro, and Apple watch 5, nothing drastic change worth buying.. Tell Tim Cook, man your stock Suck... does it take 1 year to double the stock..",Deuane Vilaythong,11 ay Ã¶nce,0
"How did you fill a 512 I have a 512 and Iâ€™ve only used 150 thatâ€™s with photos games , 4K videos and edit for my photography page",rotimi kayode,11 ay Ã¶nce,0
I watched the whole event,Naiyah Patel,11 ay Ã¶nce,1
"Love ur videos Justine
For the group workout could u PLEASE Invite Ro",nadia,11 ay Ã¶nce (dÃ¼zenlendi),1
Love from India ,Nikhil Jadhav,11 ay Ã¶nce,1
There were flaring issues with iPhone 12 camera. Not sure if they have addressed this issue with the 13. Need to test.,Faisal Faruqi,11 ay Ã¶nce,0
Forget the iPhone-> Fitness + is coming to more countries,J M,11 ay Ã¶nce,0
No news on the iPad Proâ€™s,Andrew Lofthouse,11 ay Ã¶nce,0
U have dedicated ur whole life and channel to Apple and yet they donâ€™t give u an early phone for review/unboxing ,itachi,11 ay Ã¶nce,0
Iâ€™m waiting for u to do the unboxing ,Serial episodes,11 ay Ã¶nce,0
Iâ€™m getting the Apple Watch series 7 45mm blue aluminium then Iâ€™m getting the iPhone 13 Pro Sierra Blue 256gb,Jay White,11 ay Ã¶nce (dÃ¼zenlendi),0
Hola Miss Justine and everyone ï¸,ğŸ² My Kitten Is A Black Belt ğŸ‰,11 ay Ã¶nce,0
You are the best I am a big fan,Khloe Bratton,11 ay Ã¶nce,0
HOW DO YOU  FILL 512 GB!!??,Dark killer Playz,11 ay Ã¶nce,0
Can you unbox the iphones with Ro!,ezytoo,11 ay Ã¶nce,1
So no foldable phone yet,Andrew phelps,11 ay Ã¶nce,0
But is the Apple Watch 7 g-shock like the indestructible G-Shock Watch ?  No of course not for the price it should be uggghhhh Apple go back to the draw board !,EM,11 ay Ã¶nce,0
We wanted new phone design aaaaah not again ,Ekamjot Brar,11 ay Ã¶nce,0
what color iphone 13/13pro are you getting?,jess,11 ay Ã¶nce (dÃ¼zenlendi),0
Iphone 13 has a smaller notch that does not display additional info,Ishan Ganguly,11 ay Ã¶nce,0
getting the 13 pro max,Santi Martos,11 ay Ã¶nce,0
Sad the pink doesnâ€™t come in the pro,Bowie Oliveira,11 ay Ã¶nce,0
Not a fan of the starlight color. They should have kept silver.,nym49,11 ay Ã¶nce,0
What color is your watch band and phone case?,Luca,11 ay Ã¶nce,0
"Ok, okâ€¦apple fangirls and fanboys, the biggest star of this year is iPad Mini! And yesâ€¦am gonna say it again, Apple wants to save the planet and charging us more and not giving us a charger but they offer us a leatherâ€¦ a leather wallet?",Miljan StanojeviÄ‡,11 ay Ã¶nce (dÃ¼zenlendi),0
What a question I WANT TO SEE LINUS!,Juno_OCE,11 ay Ã¶nce,1
Waiting ï¸,mahesh,11 ay Ã¶nce,0
Thanks! ,Steve R,11 ay Ã¶nce,0
Iphone beauty knowledge,Aryan Sirohi,11 ay Ã¶nce,0
Great youtuber...but she only focuses on the good parts of the iPhone. She skips over the fact ProRes video on the 128gb 13 Pro & Pro Max are limited to 1080p@30fps plus she's super excited about the 1tb option but doesn't mock apple for not allowing a microSD card expansion ï¸,Daniel,11 ay Ã¶nce (dÃ¼zenlendi),0
"Send one Apple or dji product to me , that you donâ€™t use it anymore , & signed for me ",Flori Asla,11 ay Ã¶nce (dÃ¼zenlendi),0
Really wasnâ€™t impressed with any of the device updates.,Gary Fox,11 ay Ã¶nce,0
iJustine for Apple CEO,Nick Tortilla,11 ay Ã¶nce,0
Not sure if u provided true feedback.. I used to love ur feedback but not this time.. I think the watch was a disappointment this year and even the event was not meeting the mark this time,Aku S,11 ay Ã¶nce,0
I love apple plz say to cook Tim that we love him :),Zara Usman,11 ay Ã¶nce,0
I want iJustine (implied) Linus and Marques,Daniel Quinn Hurley,11 ay Ã¶nce,0
since you directly chat with Tim Cook would you  please let him know that a black Apple Card with gold letter or a space grey Apple Card would be appreciated by some the all white card is a little .......,Jerry A,11 ay Ã¶nce,0
apple taking notes,travis moreland,11 ay Ã¶nce,0
she never criticize apple,Rishabh Kumar Parashar,11 ay Ã¶nce,0
I will wait until you unbox ipads iphones and apple watch,Lite,11 ay Ã¶nce,0
I am excited about your enthusiasm but I am not excited about apple products.,better world,11 ay Ã¶nce (dÃ¼zenlendi),0
love from bangladesh ï¸ï¸,Clash oF Clans Bangladesh,11 ay Ã¶nce,0
I donâ€™t like the 13 pro,Windows 10x,11 ay Ã¶nce,0
"watch 7 was an absolute disappointment, no real changes, 0 improvement to the battery life which is desperately needed, just feels like yet another model year with minimal changes.",Aaron,11 ay Ã¶nce,0
Sooooo let me be the first to say that event was the MOST BORING APPLE EVENT ever. Hopefully the following ones will not only be more exciting but deliver better product. Seriously who in the world is going to buy a mini when itâ€™s has been proven people like fuller and bigger screens?,S C,11 ay Ã¶nce (dÃ¼zenlendi),0
I've had an iPhone since the original was launched. This years lineup is just meh. It should have been an S year. Unless you're a creator I don't see a need to upgrade from my 12Pro.,Ginger Man512,11 ay Ã¶nce,0
I heard that none of the iPhones before the 13 will have access to ios15 .. basically on the 13 will have it :(,Diana Cruz,11 ay Ã¶nce,0
1tb thank you i can finally save all my videos,IHATEthisGAME YT,11 ay Ã¶nce,0
Apple ,Max,11 ay Ã¶nce,0
and now her anti aging things showing on her face ,shaikh quadeer,11 ay Ã¶nce,0
Yay new video!!,Wyatt,11 ay Ã¶nce,2
Do Anybody know When will These YouTubers Post videos Of unboxing?,ğ’ğ¡ğšğ¡ğ®ğ¥à¼†ğŠğ¡ğšğ§,11 ay Ã¶nce,0
Is the new Starlight color the same as gold?,Fifi Girardi,11 ay Ã¶nce,0
Ummm right before Justine said when fall started I googled it lol!,$up3rCr@ftyCut!3,11 ay Ã¶nce,0
My beautiful Blonde wife wants to buy an iPhone 13 right now,Younes Ten,11 ay Ã¶nce,1
Are yâ€™all going to get that new device,ImAmKalani,11 ay Ã¶nce,0
Great vid,Khyati Lucknauth,11 ay Ã¶nce,0
"@iJustine the phones of the iPhone 13 pro camera are just soo bad it doesn't even match to Xiaomi or even cheaper android phones.

Most andriod phones can do all of these things.",Mikumiku4u,11 ay Ã¶nce (dÃ¼zenlendi),0
So bummed with everything they dropped. Nothing exciting t,kelseasophiaxo,11 ay Ã¶nce,0
IJustine QUEEN LETS GET MATCHING IPHONE 13 PRO MAXS,Jesus Infante Bautista,11 ay Ã¶nce,0
At least the ipad mini got upgraded finally,IGameAlotDieAlot83,11 ay Ã¶nce,0
Why am I smiling ï¸?,AMRUU,11 ay Ã¶nce,0
"i challenge u to find and say somethin negative for Apple like ever, their must be something u should dislike",User 1,11 ay Ã¶nce,0
Nice ,Simmy Sekhon,11 ay Ã¶nce,0
More like iPhone 13 event - nothing changes,Sid Paliwal,11 ay Ã¶nce,0
I still didnâ€™t get â€˜Starlightâ€™ as a colour.,Pokhraj Roy,11 ay Ã¶nce,0
"OMG IM SO EARLY, HI JUSTINE!!!! Love from ğŸ‡§ğŸ‡³",Werty 000,11 ay Ã¶nce,0
"6:45 - Linus, Aerobics. ",Myles Hamlyn,11 ay Ã¶nce,0
Why did they not make a pink pro !!!,Elliott Saint,11 ay Ã¶nce,0
For a trainer? Sam definitely!,Michael Camilleri,11 ay Ã¶nce,0
Great video,iTimDesigner,11 ay Ã¶nce,0
It's too late to switch to usbc,ÄÃ´ng Báº¡ch Thá»‹,11 ay Ã¶nce,0
Love from ğŸ‡®ğŸ‡³india,F 83 Aryan lad,11 ay Ã¶nce,0
So iPhone 12s not 13 ,IronPeter,11 ay Ã¶nce,0
So basically this is a commercial not a review.,gutenbird,11 ay Ã¶nce,0
I rlly want the iPad Mini,Smoothie is gonna eat you,11 ay Ã¶nce,0
nice video,Please Help Me To Get 5 Subscribers in 2022,11 ay Ã¶nce,0
Which one are you getting for ur daily?,Ethan Jefferson,11 ay Ã¶nce,0
"What happened to your man band metal watch apple band, Also can we see your apple watch band collection in 2021",dave_chats,11 ay Ã¶nce,0
I ordered my mini and pencil,Mighty Murph,11 ay Ã¶nce,0
Please I want an apple product,IKI,11 ay Ã¶nce,0
Okay but where is the pink iPhone 13 pro max! Like literally my dream but they didnâ€™t do the pink oneï¸,Dina Sakkalis,11 ay Ã¶nce,0
The everyday dad and MKBHD,Kgothatso L. Hosie,11 ay Ã¶nce,1
I might get series se and iphone 13 in pink now that I got a job,ğŸ¤OmgChelseağŸ¤,11 ay Ã¶nce,0
this is just an ad for Apple 13 and other apple products announced... One Dislike from me :(,Utkarsh Dharmadhikari,11 ay Ã¶nce,0
"WHy would you want an iPhone with touch ID instead face id? that sounds uncorfortable, you have to put your finger tehere and what about the case?",elchatodeoro1,11 ay Ã¶nce,0
"People to do group fitness with:-
MKBHD
Mrwhoseboss
Linus from Linus Tech",Nikishia Dixon,11 ay Ã¶nce,0
"New apple products are getting extremely boring. Where is the new technology? When are they going to release something as groundbreaking as the first iPhone? Currently they just change the look slightly, add updated cameras, and specs",Ty,11 ay Ã¶nce,0
Letâ€™s be honest. It was a meh event.,Eddie Palomares,11 ay Ã¶nce,0
Jeeez the first pitch was loud. My ears exploded ,Andy Weinbacher,11 ay Ã¶nce,0
Shout out to you Justine.,R-Rod,11 ay Ã¶nce,0
,KAYAL PHOTOGRAPHER,11 ay Ã¶nce,0
Zumba with Linus!,Name Last name,11 ay Ã¶nce,0
What about the charger?,Nada,11 ay Ã¶nce,0
Ijustine can you do a giveaway I really want a iPad mini,Deandre Major,11 ay Ã¶nce,0
"This year is boring. You know why? Because we have Covid-19. It is such a drag on everything, economy, innovation, and technology. We basically lost two years because of evil Chinese Government.",Ran Charted,11 ay Ã¶nce,0
"IJustine must have her closet full of iPads, iPhones, laptops and more lol",Ruth Alaina,11 ay Ã¶nce (dÃ¼zenlendi),4
Too bad you wonâ€™t get the â€œpinkâ€ iPad mini,BTS ARMY,11 ay Ã¶nce,0
Please I want an iPhone,IKI,11 ay Ã¶nce,0
"You use the word ""new design"" quite liberally, Justine!",Ali Almurtadha,11 ay Ã¶nce,0
airpods 3 !!!!,Alexander,11 ay Ã¶nce,0
I Just started watching your video and thereâ€™s a huge spider came in to my bedroom not just one but two ,white werewolf18,11 ay Ã¶nce (dÃ¼zenlendi),0
Does she WORK for Apple?,Jay,11 ay Ã¶nce,0
"Different year, same old same old but what do I know.",Dante,11 ay Ã¶nce,0
You have the inside path to tell them.  WE WANT AN IPAD MINI PHONE!!!!!!!!   :),Army Dood,11 ay Ã¶nce,0
Yâ€™all where is the Product Red Apple Watch Series 6? I canâ€™t find it on the Apple Store!,Jesse Thompson,11 ay Ã¶nce,0
"""only $329""",Devika,11 ay Ã¶nce,0
When you get an iPhone 13 shoot a movie on african culture,Afia Affrah,11 ay Ã¶nce,0
"Please add the Arabic language, I am a follower from Iraq ï¸ï¸",Ø¹ÛÙ„ÛÙŠÛÛ’ Ø£Ù„ÙÙ‘ÛÙŒÙØ­ÙÙ‘ÛÙÙ†ÛÙÙ‘ÙŠÙÛÙÙÙ‘Ù’Ú»,11 ay Ã¶nce,0
3:10 Iâ€™m brokeï¸,Roman Ramakers,11 ay Ã¶nce,0
Hi Justineï¸,Anna OpavovÃ¡,11 ay Ã¶nce,1
The background music  kinda sounds like something from mario kart!!,Matthew Jenkins,11 ay Ã¶nce,0
Whereâ€™s your sweater from? ,Maria Vittoria Massarin,11 ay Ã¶nce,0
"I love apple products ,, but the Apple Watch sucks ,",Gadgetbig,11 ay Ã¶nce,0
iPhone 13 pro,mary cottrell,11 ay Ã¶nce,0
Cough cough Microsoft is better at pc lol,____9z,11 ay Ã¶nce,1
queen of apple,brian,11 ay Ã¶nce,0
Ù…ÙˆØªØ§Ø¨Ø¹ÙƒÙ… Ù…Ù† Ø§Ù„Ø¹Ø±Ø§Ù‚,Mastafa Ahmed,11 ay Ã¶nce,1
U have to get Ro to do it,Hector Villegas,11 ay Ã¶nce,0
5:30 mood I was asking the same thing  lol,Moon,11 ay Ã¶nce,0
It was awesome,glowqbear,11 ay Ã¶nce,0
Hey Justin e guess what I got my new iPad 8 th generation,AwesomeAdam From 2099,11 ay Ã¶nce,1
i'm your big fan,Livestreaming fiveG,11 ay Ã¶nce,0
superb,Please Help Me To Get 5 Subscribers in 2022,11 ay Ã¶nce,0
Sounds like you read my comment lol about air tag in your bag,Armtech,11 ay Ã¶nce,0
Love you,Heather Astbury,11 ay Ã¶nce,0
"Hi Justine, why canâ€™t you guys tell the truth to public. For last few years, Apple is zero on innovation. But you youtubers are always very excited about appleâ€™s minor updates. If apple does a little, you all exaggerate the things. I understand you are apple pro. But it is also healthy to criticise them if they are lacking on innovation part.",anuj gupta,11 ay Ã¶nce,0
Clicked right away,josip tezak,11 ay Ã¶nce,0
Pls do a eating in line vid when it releases,Avid doubloon,11 ay Ã¶nce,0
Why did you age so damn quickly,You Deserve Covid!,11 ay Ã¶nce,0
Does anyone else want iJustine and MKBHD to get together and make little pro babies? ,amit nagpal,11 ay Ã¶nce,0
first class is nice,AQeeLâ€™s Life,11 ay Ã¶nce,0
$499.99999999 for an iPad mini you mean $500-600 after taxes and shit,EM,11 ay Ã¶nce,0
This video was way more exciting than the event itself. Totally boring and disappointing.,brigandian,11 ay Ã¶nce,0
Justine Will buy anything thatâ€™s pink,Eleven 11,11 ay Ã¶nce (dÃ¼zenlendi),0
Love from bangladesh,Niaz Ahmed,11 ay Ã¶nce,0
"Hey ""I Justine"" I accept it, that u r a die hard fan of  Iphones, but what justice have apple done to their customers, apart from excluding chargers n earphones, okk understood, but ""WHAT ABOUT THE COLOURS"", I mean really, does excluding that awesome ""Mint Green"" colour, worth it, n yeah including a pink colour okk understood, but why to kick away such a Beautiful, Gorgeous colour,..!!",Ajay Singh,11 ay Ã¶nce,0
Very nice,Mohammadreza Ahi,11 ay Ã¶nce,0
"I enjoy your channel but I also see that you have 6.91 million followers. Which is very inconsistent with only having on your last 15 videos posted with only highest views of 300 thousand. What this tells me most of your followers are fake accounts or bots ! I follow other Youtubers with nowhere near 6.91 million followers that get twice the views of your videos. Having 6.91 million followers you would think having the Apple CEO in your video would have way more views than 300,000 !",Chris Slusher,11 ay Ã¶nce,0
Mini iPad Air 4 prove me wrong,Bucket Void,11 ay Ã¶nce,0
ç»ˆäºç­‰åˆ°ä½ çš„æ›´æ–°äº†ï¼Œè¿˜ä»¥ä¸ºè¦ç­‰æ‘¸åˆ°å®æœºå‘¢,Zhang Henry,11 ay Ã¶nce,0
"if someone steals your wallet, find my ain't gonna help.",js5-76a,11 ay Ã¶nce,0
Hi iJustineï¸,Manny Thompson,11 ay Ã¶nce,2
Whereâ€™s Ro at?!  love you,Paisleys Life,11 ay Ã¶nce,0
NOT ME THINKING SHE SAID â€œspeaking to Tom nook â€œ ,Emily Brownell,8 ay Ã¶nce,1
,S H E H A N Online,11 ay Ã¶nce,0
I NEED GREEN,Omar Itani,11 ay Ã¶nce,0
Fast like    from Bangladesh ğŸ‡§ğŸ‡©,MD Mahim,11 ay Ã¶nce,0
technical guruji on fitness plz and tech burner,pro dude,11 ay Ã¶nce,0
Is IPhone all this person does ,Aracoixo,11 ay Ã¶nce,0
This is the first time afeter apple event that Justine it's not excited at all... she looks very dissapoiment... I understand why :( very poor apple year.,elchatodeoro1,11 ay Ã¶nce,0
YAY!!!!,Azan - Ø§Ø°Ø§Ù†,11 ay Ã¶nce,0
Its nothing new the same phone as last year,Christy Marshall,11 ay Ã¶nce,0
This didnt feel live at all...,Masson,11 ay Ã¶nce,0
Apple this fall event was full garbage.,Praveen Verma,11 ay Ã¶nce,0
Pls do a collab fitnes+ with mkbhd,Iraravok Gaming,11 ay Ã¶nce,0
apple watch series 7 and still canâ€™t no camera on it wow another disappointment,IGameAlotDieAlot83,11 ay Ã¶nce,0
,Niyas Thonikkara,11 ay Ã¶nce,0
Hey  Justine.. itâ€™s guys,SuperstarğŸ…¥eekingğŸ…¥,11 ay Ã¶nce,0
iPhone cuÃ¡l?,AndrÃ©s HernÃ¡ndez RamÃ­rez,11 ay Ã¶nce,0
Omg I didnâ€™t know iJustine did jujitsu I do it to!,Nolan Ku,11 ay Ã¶nce,0
lovely,Sourav Govind,11 ay Ã¶nce,0
Why are they still supporting apple pencil 1st get... Pls make it stop,Jonathan Kroiss,11 ay Ã¶nce,0
QUEEN OF FALL,Jesus Infante Bautista,11 ay Ã¶nce,0
"Thank to you and to everyone who recommended you to me.
My email account is back",G4velly,11 ay Ã¶nce,0
Yay !!!,Zachary,11 ay Ã¶nce,2
pinkeye....phone? xD,Raymond Kaspersen,11 ay Ã¶nce,0
"Ngl, these are pretty unnecessarily updates",RenÃ© Sivertsen,11 ay Ã¶nce,0
Whatâ€™s up homie ,MARSUPIAL STACEY,11 ay Ã¶nce,0
3:14 iPad Air mini,The GentelmanYT,11 ay Ã¶nce,0
"iPad mini is cool . Pink iPhone is cool. But everything else sucked, the watch doesnâ€™t have the changes we wanted. The pink iPhone isnâ€™t in the pro and thereâ€™s no real differences thatâ€™s significant.",carly,11 ay Ã¶nce,0
I literally just saw the tiktok vid of ipad mini,jervinroi,11 ay Ã¶nce,0
Nothing to get excited about here.,Chris Davies,11 ay Ã¶nce,0
My brother stuck an airtag on the back of his MagSafe Wallet,Venom,11 ay Ã¶nce,0
Nice,und dann r,11 ay Ã¶nce,1
Nice,LEE CHIN LEONG,11 ay Ã¶nce,1
When is the fitness update I want to do fitness with somebody,Jonathan Jarmon,11 ay Ã¶nce,0
Why do they always de-feminize the quote un quote feminine colors?. That pink barely looks pink.,Beasley Says,11 ay Ã¶nce,0
mom i want it,Cooldy steph,11 ay Ã¶nce,0
Geez. How much do you think sheâ€™s getting paid for this crap,Boats and Hoes,11 ay Ã¶nce,0
ĞšĞ»Ğ°ÑÑĞ½Ğ¾ ijustine,ĞĞ¸ĞºĞ¸Ñ‚Ğ° Ğ–Ğ¸Ğ´ĞºĞ¾Ğ²,11 ay Ã¶nce,0
7M IS NOT FAR,SL Demika Mindinu,11 ay Ã¶nce,0
Good vids for very certain type of tik tokers ,Not Sure,11 ay Ã¶nce,0
â€œWhen is fall?â€,JungleMU,11 ay Ã¶nce,0
That blue is thickkkk,Jonathan Kroiss,11 ay Ã¶nce,0
Guys look it's Tim cook,AyeNash,11 ay Ã¶nce (dÃ¼zenlendi),0
Wow,SCC Surasan Jack,11 ay Ã¶nce,0
à°¤à±†à°²à±à°—à±à°µà°¾à°³à±à°²à± à°‰à°¨à±à°¨à°¾à°°à°¾ ,DVPG King's,11 ay Ã¶nce,0
justine i love you,Lily Krier,11 ay Ã¶nce,1
"Definitely, she is on their pay roll.",Elman Acosta,11 ay Ã¶nce,1
where are my airpods,Alexander,11 ay Ã¶nce,0
You have to invite plainrock124 for your classes,Rune Van Rie,11 ay Ã¶nce,0
ï¸ï¸ï¸ï¸ï¸ï¸,Aryan Ankur,11 ay Ã¶nce,0
"spy phone,that spies on you.",john reed,11 ay Ã¶nce (dÃ¼zenlendi),0
Very boring event . Nothing but minor updates to all products.,Rishi Bajari,11 ay Ã¶nce,0
That notch is joust straight up annoying now,James Holder,11 ay Ã¶nce,0
"Hi! If you are not using your old phone,please donate it to me instead of throwing.Thank you very much!",Theesha Sen,11 ay Ã¶nce,0
Nothing is new ill wait for 2022 lineup thhis was trash,MadQmike,11 ay Ã¶nce,0
So many fans so sad see iphone 13 not upgrade FACEID 2.0 and Always on and battery change not upgrade 70 % â€¦ see brand smartphone Huawei and Samsung have upgrade Touch ID AND UPGRADE BATTERY LIVE 5000 MAH.WHY IPHONE 11 to now iPhone 13 still same results. we custom and fans See this time iphone 13 not anythingâ€™s change more â€¦. Pls tell Tim Cook pls next years 2022 upgrade next IPHONE SOMETIME GIVE ALL FANS GOT VERY HAPPY GOT GOOD IPHONE .. THANKS,Looi Khai wing,11 ay Ã¶nce,0
Not the Samsung ad for a apple event video,Jairo Ontiveros,11 ay Ã¶nce,0
Seriously donâ€™t you get bored of doing this?,Huy Hoang,11 ay Ã¶nce,0
Yessssssss,Jayden Hartsock,11 ay Ã¶nce,0
"Who cares.
Screw i-phone and Apple.",Chris Brown,11 ay Ã¶nce,0
People who are watching this cÃ²mments l wish therents still Alive for more than years God bless family ,Ø£Ù…ÙŠØ±Ø© Ø§Ù„Ø±Ù‚Øµ.dancing princess,11 ay Ã¶nce,0
Yay!,Jason Steigerwald,11 ay Ã¶nce,1
,chino YT,11 ay Ã¶nce,0
First coz i have my notification button on,Rishi Gupta,11 ay Ã¶nce,0
Thanks,Mirajul Islam khan Bappy,11 ay Ã¶nce,0
why do u not run the events ?,jacob englert,11 ay Ã¶nce,0
get mr beast in ur work out group,MidKnight,11 ay Ã¶nce,1
Exactly. When is fall,kostandinoja,11 ay Ã¶nce,0
"Hey sweetie I want iphone 13 pro max!!  
Can you giveway that buety !",Samsuddoha Sagor,11 ay Ã¶nce,0
Queeen justiiiinne,Alex Aperico,11 ay Ã¶nce,0
iâ€™m so early omg hi justine,nickitansupremeâ·,11 ay Ã¶nce,0
SIERRA BLUE BABY,Aadam AperturÄ“,11 ay Ã¶nce,0
HI JUSTINE,Maximilian Hoffmann,11 ay Ã¶nce,1
"Biggest lie ever,1:43",unknown \,11 ay Ã¶nce,1
Another s......t from Apple in the market ! The same old story......,Dj Style,11 ay Ã¶nce,0
When your so early the comments are glitched upâ€¦,Tai Murray,11 ay Ã¶nce,1
Please can you put in subtitules the idiom Spanish teacher?,Fernando Sanchez,11 ay Ã¶nce,0
13 seconds ago love ur vids,Shairah Playz,11 ay Ã¶nce,0
Timmmmmmmmmmm cooooooook,Alfie Molyneux,11 ay Ã¶nce,0
LINUS!!!!,Jerry Mancini,11 ay Ã¶nce,0
"Joey Graccefa, Rosana Pansino, Jenna, Linus and anyone else",Ethan Taylor,11 ay Ã¶nce,0
Ğ·Ğ°Ñ‡ĞµĞ¼ Ğ²ÑĞµ ÑÑ‚Ğ¾,bossmatsymoto,11 ay Ã¶nce,0
Beautiful hands,Vince McMahon,11 ay Ã¶nce,2
Can you give me a iPhone 11 pro??? I am begging you to give me a iPhone 11 pro ,Shishir Ahmed,11 ay Ã¶nce,0
"Trendyolu skecem ama ha burda bile    
Varlar",Mustafaeren Ogur,11 ay Ã¶nce,0
I want to see Rossana Pansino and your sis,Neftalii,11 ay Ã¶nce,1
"R.I.P to those people who died in corona. May, their souls Rest In Peace but I m a fan of Hammad Khatri. He hearing impaired Youtuber. No one notices him. His channel Hammad Khatri",Hammad Fans,11 ay Ã¶nce,6
Who is the guy she was streaming?,vor 7 Jahren,11 ay Ã¶nce,1
"Hi, iJustine. Iâ€™m iMichael.",Michael Caywood,11 ay Ã¶nce,1
Yeah paid review,Kishan Shoraisam,11 ay Ã¶nce,0
what is fall hhhhh,Sidali Yacef,11 ay Ã¶nce,0
Are you getting married?,Sina S,11 ay Ã¶nce,0
,John Gilmore,11 ay Ã¶nce,0
"This is just Apple advertising, very annoying.",christofinb,11 ay Ã¶nce,0
I watched mkbhd video now yours idk why,CHUNKSENPAI,11 ay Ã¶nce,0
Shhhhh ,Srasri Kritkrathok,11 ay Ã¶nce,0
Please donate me an iPhone,Kamogelo Magoro,11 ay Ã¶nce,0
Ø§Ù„Ù„Ù‡Ù… ØµÙ„ ÙˆØ³Ù„Ù… Ø¹Ù„Ù‰ Ø³ÙŠØ¯Ù†Ø§ Ù…Ø­Ù…Ø¯,Ø§Ù„Ù‚Ø§Ø±Ø¦ Ø¯.Ø¹Ø¯Ù†Ø§Ù† Ø§Ø¨Ùˆ Ø¯ÙˆÙ„Ù‡,11 ay Ã¶nce,1
You boast and brag a lot.,Sarthak Saraf,11 ay Ã¶nce,0
I was disappointed,Germano Polito,11 ay Ã¶nce,0
New I crap,J Vermeulen,11 ay Ã¶nce,0
hi give me one iphone pls..,Bobby tech in telugu,11 ay Ã¶nce,0
Nobody cares.  Where's the larger iMac?,Alan Anderson,11 ay Ã¶nce,1
You are so sweet and beautiful,Gautam Saharan,11 ay Ã¶nce,0
,L. K.,11 ay Ã¶nce,0
Same crap,James Preston,11 ay Ã¶nce,0
Early!!!,Mason Imbruno,11 ay Ã¶nce,0
Early yayyyyy,Lance Stockton,11 ay Ã¶nce,0
Linus Sebastian,Cole Van Gerpen,11 ay Ã¶nce,0
Why your views are decreasing day by day,Jyothir Barla,11 ay Ã¶nce,0
"150,000th view!!!",Pradyun Sushena,11 ay Ã¶nce,0
You are damn cute,7,11 ay Ã¶nce,0
First like finally,Clapz ãƒ„,11 ay Ã¶nce,0
early!,karolina,11 ay Ã¶nce,0
Heyyy lv u,Tommyâ€™s Life,11 ay Ã¶nce,0
Very bad exciting,Tik Tik,11 ay Ã¶nce,0
MORE OF THE SAME SHIT,Lady Resina,11 ay Ã¶nce,0
Umm Iâ€™m here ,SK TV,11 ay Ã¶nce,0
hi,Please Help Me To Get 5 Subscribers in 2022,11 ay Ã¶nce,0
Sup,Anro 1234,11 ay Ã¶nce,0
,Sam Fisher,11 ay Ã¶nce,0
Helloooooi,Omar Abi Akar,11 ay Ã¶nce,0
Early,esther gathoni,11 ay Ã¶nce,0
Early,MMPUK,11 ay Ã¶nce,0
Eyyy,Kelvin Cody Nacionales,11 ay Ã¶nce (dÃ¼zenlendi),0
Hi,NAIMUL ISLAM,11 ay Ã¶nce,0
Hi,MoviesHub,11 ay Ã¶nce,0
Hi,Clarissa 1304,11 ay Ã¶nce,0
Hi,Aymar Chotoe,11 ay Ã¶nce,0
Hi,Sam Fisher,11 ay Ã¶nce,0
Hiiii,jerry cooper,11 ay Ã¶nce,0
Sec,Nana HS,11 ay Ã¶nce,0
Wow first one,Steve Benzo,11 ay Ã¶nce,0
APLLLLL,Sam Azimi,11 ay Ã¶nce,0
Hello,manisha Rajpurohith,11 ay Ã¶nce,0
Hey,Jane F,11 ay Ã¶nce,0
First 2nd,Diderich Olsen,11 ay Ã¶nce,0
Hiii madam,Srikanth Sriramoji,11 ay Ã¶nce,0
First I guess,Shahir Mohammad INT.SHAHIR,11 ay Ã¶nce,0
2nd comment,nooor,11 ay Ã¶nce,1
First!,Caroline Agustian,11 ay Ã¶nce,0
Oh,Luffyswife,11 ay Ã¶nce,0
Oh,í—¬ë¡œ,11 ay Ã¶nce,0
Firs,iamayağŸ«¶ğŸ»,11 ay Ã¶nce,1
Heyy,Mango Temptation,11 ay Ã¶nce,0
Heyy,Sreehitha S,11 ay Ã¶nce,0
first,Sapphire Cyrus,11 ay Ã¶nce,0
Hi friend,Gorkhnath Gawali,10 ay Ã¶nce,0
Yassass,Jenny,11 ay Ã¶nce,0
First,Vic Turingan,11 ay Ã¶nce,0
First,Sean Penny,11 ay Ã¶nce,0
First,Ali Malik,11 ay Ã¶nce,0
First,Shazad Amin,11 ay Ã¶nce,0
First,Somiyaa Memon,11 ay Ã¶nce,0
First,K. Udhai Charan,11 ay Ã¶nce,0
Ro and a cooking thing,Camila Mendoza,11 ay Ã¶nce,0
"not first, that is fine.",Jason Calvin,11 ay Ã¶nce,0
Second,ê¸ˆì‚¬ëƒ¥,11 ay Ã¶nce,0
Second,Zaan Zaid,11 ay Ã¶nce,0
Second,YaeMikoTea2022,11 ay Ã¶nce,0
Second,Mahesh Settysn,11 ay Ã¶nce,0
Second,ANMOL ANIME GAMER,11 ay Ã¶nce,0
Second,Andrea Materazzo,11 ay Ã¶nce,0
second,Surya Razbanshi,11 ay Ã¶nce,0
second,Peter Cornell,11 ay Ã¶nce,0
"Apples events are all the same, just with a different number. Better chip, better camera, integration...yada yada...same stuff every year. Really. iOS trails android by years. Widgets, yep. 10 years late. And many other features that apple touts as ""new"". They're nice, but really overrated. The best part is their improved cpu.",Justin Case,11 ay Ã¶nce,0
Third,Gideon McCarthy,11 ay Ã¶nce,0
First,ğŸ®GamerKnightLon8ğŸ®,11 ay Ã¶nce,6
Hello good away,Tech Bato,11 ay Ã¶nce,0
Indian sa,Gorkhnath Gawali,10 ay Ã¶nce,0
How old are you? You are looking older now with wrinkles around lips edges n neck,Raheel Zubairi,11 ay Ã¶nce,0
